Sector,Planeta,Side,Op,Character
1,Mustafar,Dark,1,Emperador Palpatine
1,Mustafar,Dark,1,BT-1
1,Mustafar,Dark,1,General Grievous
1,Mustafar,Dark,1,Darth Maul
1,Mustafar,Dark,1,Darth Sion
1,Mustafar,Dark,1,Emperador Palpatine
1,Mustafar,Dark,1,Geonosian Spy's Starfighter
1,Mustafar,Dark,1,General Grievous
1,Mustafar,Dark,1,Gamorrean Guard
1,Mustafar,Dark,1,Darth Maul
1,Mustafar,Dark,1,Chimaera
1,Mustafar,Dark,1,Gauntlet Starfighter
1,Mustafar,Dark,1,Imperial Probe Droid
1,Mustafar,Dark,1,Imperial Super Commando
1,Mustafar,Dark,1,Ugnaught
1,Mustafar,Dark,2,Grand Admiral Thrawn
1,Mustafar,Dark,2,Jango Fett
1,Mustafar,Dark,2,Wat Tambor
1,Mustafar,Dark,2,Darth Sidious
1,Mustafar,Dark,2,IG-88
1,Mustafar,Dark,2,Grand Admiral Thrawn
1,Mustafar,Dark,2,Dengar
1,Mustafar,Dark,2,Wat Tambor
1,Mustafar,Dark,2,Asajj Ventress
1,Mustafar,Dark,2,Ugnaught
1,Mustafar,Dark,2,Emperador Palpatine
1,Mustafar,Dark,2,Nute Gunray
1,Mustafar,Dark,2,Darth Traya
1,Mustafar,Dark,2,Hyena Bomber
1,Mustafar,Dark,2,Droideka
1,Mustafar,Dark,3,Chimaera
1,Mustafar,Dark,3,Darth Vader
1,Mustafar,Dark,3,Darth Traya
1,Mustafar,Dark,3,0-0-0
1,Mustafar,Dark,3,Imperial Tie Bomber
1,Mustafar,Dark,3,Chimaera
1,Mustafar,Dark,3,Ninth Sister
1,Mustafar,Dark,3,Wat Tambor
1,Mustafar,Dark,3,Sith Assassin
1,Mustafar,Dark,3,TIE Fighter Pilot
1,Mustafar,Dark,3,Darth Revan
1,Mustafar,Dark,3,Hound's Tooth
1,Mustafar,Dark,3,Darth Traya
1,Mustafar,Dark,3,0-0-0
1,Mustafar,Dark,3,BT-1
1,Mustafar,Dark,4,Darth Revan
1,Mustafar,Dark,4,Darth Sion
1,Mustafar,Dark,4,General Grievous
1,Mustafar,Dark,4,Hound's Tooth
1,Mustafar,Dark,4,Dark Trooper
1,Mustafar,Dark,4,Grand Admiral Thrawn
1,Mustafar,Dark,4,IG-86 Sentinel Droid
1,Mustafar,Dark,4,General Grievous
1,Mustafar,Dark,4,Embo
1,Mustafar,Dark,4,Sith Trooper
1,Mustafar,Dark,4,Darth Revan
1,Mustafar,Dark,4,Ugnaught
1,Mustafar,Dark,4,Darth Traya
1,Mustafar,Dark,4,0-0-0
1,Mustafar,Dark,4,B1 Battle Droid
1,Mustafar,Dark,5,Chimaera
1,Mustafar,Dark,5,Canderous Ordo
1,Mustafar,Dark,5,Darth Traya
1,Mustafar,Dark,5,First Order SF TIE Pilot
1,Mustafar,Dark,5,Nightsister Initiate
1,Mustafar,Dark,5,Emperador Palpatine
1,Mustafar,Dark,5,Tusken Shaman
1,Mustafar,Dark,5,Darth Traya
1,Mustafar,Dark,5,Mara Jade
1,Mustafar,Dark,5,0-0-0
1,Mustafar,Dark,5,Chimaera
1,Mustafar,Dark,5,IG-88
1,Mustafar,Dark,5,Darth Traya
1,Mustafar,Dark,5,Boba Fett
1,Mustafar,Dark,5,Droideka
1,Mustafar,Dark,6,Darth Revan
1,Mustafar,Dark,6,Canderous Ordo
1,Mustafar,Dark,6,Wat Tambor
1,Mustafar,Dark,6,Imperial TIE Fighter
1,Mustafar,Dark,6,Darth Vader
1,Mustafar,Dark,6,Chimaera
1,Mustafar,Dark,6,Darth Sidious
1,Mustafar,Dark,6,Imperial Probe Droid
1,Mustafar,Dark,6,Fith Brother
1,Mustafar,Dark,6,First Order Officer
1,Mustafar,Dark,6,Darth Revan
1,Mustafar,Dark,6,First Order SF TIE Pilot
1,Mustafar,Dark,6,General Grievous
1,Mustafar,Dark,6,First Order Officer
1,Mustafar,Dark,6,Count Dooku
1,Corellia,Neutral,1,Commander Ahsoka Tano
1,Corellia,Neutral,1,Chewbacca
1,Corellia,Neutral,1,Jedi Knight Revan
1,Corellia,Neutral,1,Eeth Koth
1,Corellia,Neutral,1,Darth Traya
1,Corellia,Neutral,1,Boba Fett, Scion of Jango
1,Corellia,Neutral,1,Grand Admiral Thrawn
1,Corellia,Neutral,1,C-3PO
1,Corellia,Neutral,1,Ima-Gun Di
1,Corellia,Neutral,1,Sith Trooper
1,Corellia,Neutral,1,Boba Fett, Scion of Jango
1,Corellia,Neutral,1,R2-D2
1,Corellia,Neutral,1,Darth Revan
1,Corellia,Neutral,1,Hyena Bomber
1,Corellia,Neutral,1,Anakin's Eta-2 Starfighter
1,Corellia,Neutral,2,Ben Solo
1,Corellia,Neutral,2,Grand Master Yoda
1,Corellia,Neutral,2,Commander Luke Skywalker
1,Corellia,Neutral,2,Hunter
1,Corellia,Neutral,2,Han Solo
1,Corellia,Neutral,2,Darth Malgus
1,Corellia,Neutral,2,C-3PO
1,Corellia,Neutral,2,Darth Revan
1,Corellia,Neutral,2,Jolee Bindo
1,Corellia,Neutral,2,Poe Dameron
1,Corellia,Neutral,2,Boba Fett, Scion of Jango
1,Corellia,Neutral,2,Commander Luke Skywalker
1,Corellia,Neutral,2,The Mandalorian (Beskar Armor)
1,Corellia,Neutral,2,BT-1
1,Corellia,Neutral,2,Geonosian Brood Alpha
1,Corellia,Neutral,3,TIE/IN Interceptor Prototype
1,Corellia,Neutral,3,Padmé Amidala
1,Corellia,Neutral,3,Grand Master Yoda
1,Corellia,Neutral,3,Ghost
1,Corellia,Neutral,3,Wat Tambor
1,Corellia,Neutral,3,TIE/IN Interceptor Prototype
1,Corellia,Neutral,3,Commander Luke Skywalker
1,Corellia,Neutral,3,Darth Revan
1,Corellia,Neutral,3,Paploo
1,Corellia,Neutral,3,Bossk
1,Corellia,Neutral,3,Boba Fett, Scion of Jango
1,Corellia,Neutral,3,Chewbacca
1,Corellia,Neutral,3,Rey (Jedi Training)
1,Corellia,Neutral,3,Threepio & Chewie
1,Corellia,Neutral,3,Clone Sergeant's ARC-170
1,Corellia,Neutral,4,Ben Solo
1,Corellia,Neutral,4,Darth Revan
1,Corellia,Neutral,4,Rebel Officer Leia Organa
1,Corellia,Neutral,4,Darth Vader
1,Corellia,Neutral,4,Ki-Adi-Mundi
1,Corellia,Neutral,4,Darth Malgus
1,Corellia,Neutral,4,BB-8
1,Corellia,Neutral,4,Darth Traya
1,Corellia,Neutral,4,Kylo Ren's Command Shuttle
1,Corellia,Neutral,4,Clone Sergeant - Phase I
1,Corellia,Neutral,4,Commander Ahsoka Tano
1,Corellia,Neutral,4,C-3PO
1,Corellia,Neutral,4,Darth Traya
1,Corellia,Neutral,4,Plo Koon's Jedi Startfighter
1,Corellia,Neutral,4,T3-M4
1,Corellia,Neutral,5,Razor Crest
1,Corellia,Neutral,5,Chewbacca
1,Corellia,Neutral,5,General Kenobi
1,Corellia,Neutral,5,TIE Silencer
1,Corellia,Neutral,5,Logray
1,Corellia,Neutral,5,Commander Ahsoka Tano
1,Corellia,Neutral,5,Chimaera
1,Corellia,Neutral,5,Wat Tambor
1,Corellia,Neutral,5,Malevolence
1,Corellia,Neutral,5,Darth Maul
1,Corellia,Neutral,5,Boba Fett, Scion of Jango
1,Corellia,Neutral,5,R2-D2
1,Corellia,Neutral,5,Han Solo
1,Corellia,Neutral,5,Geonosian Brood Alpha
1,Corellia,Neutral,5,Colonel Starck
1,Corellia,Neutral,6,TIE/IN Interceptor Prototype
1,Corellia,Neutral,6,The Mandalorian (Beskar Armor)
1,Corellia,Neutral,6,Imperial Probe Droid
1,Corellia,Neutral,6,Talia
1,Corellia,Neutral,6,Ki-Adi-Mundi
1,Corellia,Neutral,6,TIE/IN Interceptor Prototype
1,Corellia,Neutral,6,Emperador Palpatine
1,Corellia,Neutral,6,Hermit Yoda
1,Corellia,Neutral,6,Admiral Piett
1,Corellia,Neutral,6,Darth Sion
1,Corellia,Neutral,6,TIE/IN Interceptor Prototype
1,Corellia,Neutral,6,Darth Revan
1,Corellia,Neutral,6,General Kenobi
1,Corellia,Neutral,6,Sana Starros
1,Corellia,Neutral,6,Jawa Engineer
1,Coruscant,Luminoso,1,General Skywalker
1,Coruscant,Luminoso,1,The Mandalorian (Beskar Armor)
1,Coruscant,Luminoso,1,Rey (Jedi Training)
1,Coruscant,Luminoso,1,Greef Karga
1,Coruscant,Luminoso,1,Hermit Yoda
1,Coruscant,Luminoso,1,Jedi Knight Luke Skywalker
1,Coruscant,Luminoso,1,BB-8
1,Coruscant,Luminoso,1,Commander Luke Skywalker
1,Coruscant,Luminoso,1,CC-2224 "Cody"
1,Coruscant,Luminoso,1,Barriss Offee
1,Coruscant,Luminoso,1,General Skywalker
1,Coruscant,Luminoso,1,R2-D2
1,Coruscant,Luminoso,1,Jedi Knight Revan
1,Coruscant,Luminoso,1,L3-37
1,Coruscant,Luminoso,1,Phantom II
1,Coruscant,Luminoso,2,General Skywalker
1,Coruscant,Luminoso,2,BB-8
1,Coruscant,Luminoso,2,Chewbacca
1,Coruscant,Luminoso,2,Resistance X-wing
1,Coruscant,Luminoso,2,Hermit Yoda
1,Coruscant,Luminoso,2,General Skywalker
1,Coruscant,Luminoso,2,BB-8
1,Coruscant,Luminoso,2,The Mandalorian (Beskar Armor)
1,Coruscant,Luminoso,2,Jyn Erso
1,Coruscant,Luminoso,2,Sana Starros
1,Coruscant,Luminoso,2,General Skywalker
1,Coruscant,Luminoso,2,The Mandalorian (Beskar Armor)
1,Coruscant,Luminoso,2,Chewbacca
1,Coruscant,Luminoso,2,Sana Starros
1,Coruscant,Luminoso,2,Home One
1,Coruscant,Luminoso,3,Jedi Knight Luke Skywalker
1,Coruscant,Luminoso,3,Rey (Jedi Training)
1,Coruscant,Luminoso,3,Grand Master Yoda
1,Coruscant,Luminoso,3,Threepio & Chewie
1,Coruscant,Luminoso,3,Hermit Yoda
1,Coruscant,Luminoso,3,Jedi Knight Luke Skywalker
1,Coruscant,Luminoso,3,R2-D2
1,Coruscant,Luminoso,3,BB-8
1,Coruscant,Luminoso,3,Umbaran Starfighter
1,Coruscant,Luminoso,3,Commander Ahsoka Tano
1,Coruscant,Luminoso,3,Jedi Knight Luke Skywalker
1,Coruscant,Luminoso,3,Padmé Amidala
1,Coruscant,Luminoso,3,C-3PO
1,Coruscant,Luminoso,3,Sana Starros
1,Coruscant,Luminoso,3,The Armorer
1,Coruscant,Luminoso,4,Jedi Knight Luke Skywalker
1,Coruscant,Luminoso,4,Jedi Knight Revan
1,Coruscant,Luminoso,4,General Kenobi
1,Coruscant,Luminoso,4,Lobot
1,Coruscant,Luminoso,4,Han Solo
1,Coruscant,Luminoso,4,General Skywalker
1,Coruscant,Luminoso,4,The Mandalorian (Beskar Armor)
1,Coruscant,Luminoso,4,Logray
1,Coruscant,Luminoso,4,Plo Koon's Jedi Starfighter
1,Coruscant,Luminoso,4,Visas Marr
1,Coruscant,Luminoso,4,General Skywalker
1,Coruscant,Luminoso,4,C-3PO
1,Coruscant,Luminoso,4,Han Solo
1,Coruscant,Luminoso,4,Hondo Ohnaka
1,Coruscant,Luminoso,4,Anakin's Eta-2 Starfighter
1,Coruscant,Luminoso,5,Jedi Knight Luke Skywalker
1,Coruscant,Luminoso,5,BB-8
1,Coruscant,Luminoso,5,Han Solo
1,Coruscant,Luminoso,5,Jolee Bindo
1,Coruscant,Luminoso,5,Logray
1,Coruscant,Luminoso,5,Jedi Knight Luke Skywalker
1,Coruscant,Luminoso,5,Commander Luke Skywalker
1,Coruscant,Luminoso,5,Hermit Yoda
1,Coruscant,Luminoso,5,Teebo
1,Coruscant,Luminoso,5,Kuiil
1,Coruscant,Luminoso,5,Jedi Knight Luke Skywalker
1,Coruscant,Luminoso,5,The Mandalorian (Beskar Armor)
1,Coruscant,Luminoso,5,General Kenobi
1,Coruscant,Luminoso,5,Threepio & Chewie
1,Coruscant,Luminoso,5,Phantom II
1,Coruscant,Luminoso,5,General Skywalker
1,Coruscant,Luminoso,6,C-3PO
1,Coruscant,Luminoso,6,Ki-Adi-Mundi
1,Coruscant,Luminoso,6,Sabine Wren
1,Coruscant,Luminoso,6,Hermit Yoda
1,Coruscant,Luminoso,6,General Skywalker
1,Coruscant,Luminoso,6,Grand Master Yoda
1,Coruscant,Luminoso,6,Hermit Yoda
1,Coruscant,Luminoso,6,Amilyn Holdo
1,Coruscant,Luminoso,6,Zaalbar
1,Coruscant,Luminoso,6,General Skywalker
1,Coruscant,Luminoso,6,Jedi Knight Revan
1,Coruscant,Luminoso,6,Rebel Officer Leia Organa
1,Coruscant,Luminoso,6,Sana Starros
1,Coruscant,Luminoso,6,Raven's Claw
2,Geonosis,Dark,1,Boba Fett, Scion of Jango
2,Geonosis,Dark,1,Scythe
2,Geonosis,Dark,1,Darth Revan
2,Geonosis,Dark,1,Imperial Probe Droid
2,Geonosis,Dark,1,Scimitar
2,Geonosis,Dark,1,Maul
2,Geonosis,Dark,1,Boba Fett, Scion of Jango
2,Geonosis,Dark,1,Chimaera
2,Geonosis,Dark,1,Wat Tambor
2,Geonosis,Dark,1,Executrix
2,Geonosis,Dark,1,Sith Eternal Emperor
2,Geonosis,Dark,1,Scythe
2,Geonosis,Dark,1,Starkiller
2,Geonosis,Dark,1,Imperial Probe Droid
2,Geonosis,Dark,1,HK-47
2,Geonosis,Dark,2,Maul
2,Geonosis,Dark,2,Scythe
2,Geonosis,Dark,2,Darth Revan
2,Geonosis,Dark,2,Darth Talon
2,Geonosis,Dark,2,TIE Reaper
2,Geonosis,Dark,2,Boba Fett, Scion of Jango
2,Geonosis,Dark,2,Darth Malgus
2,Geonosis,Dark,2,Grand Admiral Thrawn
2,Geonosis,Dark,2,Dengar
2,Geonosis,Dark,2,Droideka
2,Geonosis,Dark,2,Supreme Leader Kylo Ren
2,Geonosis,Dark,2,Boba Fett, Scion of Jango
2,Geonosis,Dark,2,Darth Malak
2,Geonosis,Dark,2,Kylo Ren (Unmasked)
2,Geonosis,Dark,2,B2
2,Geonosis,Dark,3,Darth Malgus
2,Geonosis,Dark,3,Boba Fett, Scion of Jango
2,Geonosis,Dark,3,Chimaera
2,Geonosis,Dark,3,Grand Admiral Thrawn
2,Geonosis,Dark,3,Asajj Ventress
2,Geonosis,Dark,3,Scythe
2,Geonosis,Dark,3,TIE/IN Interceptor Prototype
2,Geonosis,Dark,3,Emperador Palpatine
2,Geonosis,Dark,3,Darth Revan
2,Geonosis,Dark,3,First Order Officer
2,Geonosis,Dark,3,Supreme Leader Kylo Ren
2,Geonosis,Dark,3,TIE/IN Interceptor Prototype
2,Geonosis,Dark,3,Darth Malak
2,Geonosis,Dark,3,Darth Revan
2,Geonosis,Dark,3,General Veers
2,Geonosis,Dark,4,Grand Inquisitor
2,Geonosis,Dark,4,TIE/IN Interceptor Prototype
2,Geonosis,Dark,4,Darth Revan
2,Geonosis,Dark,4,General Grievous
2,Geonosis,Dark,4,TIE Echelon
2,Geonosis,Dark,4,Grand Inquisitor
2,Geonosis,Dark,4,Darth Malgus
2,Geonosis,Dark,4,Chimaera
2,Geonosis,Dark,4,Imperial Probe Droid
2,Geonosis,Dark,4,First Order Officer
2,Geonosis,Dark,4,Executor
2,Geonosis,Dark,4,TIE/IN Interceptor Prototype
2,Geonosis,Dark,4,Scythe
2,Geonosis,Dark,4,Wat Tambor
2,Geonosis,Dark,4,Emperor's Shuttle
2,Geonosis,Dark,5,Starkiller
2,Geonosis,Dark,5,Boba Fett, Scion of Jango
2,Geonosis,Dark,5,Emperador Palpatine
2,Geonosis,Dark,5,Colonel Starck
2,Geonosis,Dark,5,Malevolence
2,Geonosis,Dark,5,Starkiller
2,Geonosis,Dark,5,Maul
2,Geonosis,Dark,5,Grand Admiral Thrawn
2,Geonosis,Dark,5,B2
2,Geonosis,Dark,5,Magmatrooper
2,Geonosis,Dark,5,Sith Eternal Emperor
2,Geonosis,Dark,5,Darth Malgus
2,Geonosis,Dark,5,Emperador Palpatine
2,Geonosis,Dark,5,Kylo Ren (Unmasked)
2,Geonosis,Dark,5,Cad Bane
2,Geonosis,Dark,6,Grand Inquisitor
2,Geonosis,Dark,6,Darth Malgus
2,Geonosis,Dark,6,Scythe
2,Geonosis,Dark,6,Emperador Palpatine
2,Geonosis,Dark,6,Death Trooper
2,Geonosis,Dark,6,Darth Malak
2,Geonosis,Dark,6,TIE/IN Interceptor Prototype
2,Geonosis,Dark,6,Grand Admiral Thrawn
2,Geonosis,Dark,6,Chimaera
2,Geonosis,Dark,6,Hyena Bomber
2,Geonosis,Dark,6,Executor
2,Geonosis,Dark,6,Maul
2,Geonosis,Dark,6,Boba Fett, Scion of Jango
2,Geonosis,Dark,6,Darth Revan
2,Geonosis,Dark,6,Kylo Ren's Command Shuttle
2,Felucia,Neutral,1,Grand Inquisitor
2,Felucia,Neutral,1,TIE/IN Interceptor Prototype
2,Felucia,Neutral,1,Commander Ahsoka Tano
2,Felucia,Neutral,1,General Kenobi
2,Felucia,Neutral,1,Aayla Secura
2,Felucia,Neutral,1,General Skywalker
2,Felucia,Neutral,1,Scythe
2,Felucia,Neutral,1,Boba Fett, Scion of Jango
2,Felucia,Neutral,1,Wat Tambor
2,Felucia,Neutral,1,Threepio & Chewie
2,Felucia,Neutral,1,Sith Eternal Emperor
2,Felucia,Neutral,1,Razor Crest
2,Felucia,Neutral,1,Ben Solo
2,Felucia,Neutral,1,Rebel Officer Leia Organa
2,Felucia,Neutral,1,Plo Koon's Jedi Startfighter
2,Felucia,Neutral,2,General Skywalker
2,Felucia,Neutral,2,Darth Malgus
2,Felucia,Neutral,2,Commander Ahsoka Tano
2,Felucia,Neutral,2,The Mandalorian
2,Felucia,Neutral,2,Outrider
2,Felucia,Neutral,2,Jedi Knight Luke Skywalker
2,Felucia,Neutral,2,TIE/IN Interceptor Prototype
2,Felucia,Neutral,2,Scythe
2,Felucia,Neutral,2,Emperor's Shuttle
2,Felucia,Neutral,2,Embo
2,Felucia,Neutral,2,Jedi Master Luke Skywalker
2,Felucia,Neutral,2,Commander Ahsoka Tano
2,Felucia,Neutral,2,Maul
2,Felucia,Neutral,2,Jawa
2,Felucia,Neutral,2,Zaalbar
2,Felucia,Neutral,3,Jedi Knight Luke Skywalker
2,Felucia,Neutral,3,Maul
2,Felucia,Neutral,3,Scythe
2,Felucia,Neutral,3,Wat Tambor
2,Felucia,Neutral,3,General Hux
2,Felucia,Neutral,3,Jedi Knight Luke Skywalker
2,Felucia,Neutral,3,Razor Crest
2,Felucia,Neutral,3,Commander Ahsoka Tano
2,Felucia,Neutral,3,Imperial Probe Droid
2,Felucia,Neutral,3,Sana Starros
2,Felucia,Neutral,3,Lord Vader
2,Felucia,Neutral,3,Scythe
2,Felucia,Neutral,3,Ben Solo
2,Felucia,Neutral,3,Rebel Officer Leia Organa
2,Felucia,Neutral,3,Snowtrooper
2,Felucia,Neutral,4,General Skywalker
2,Felucia,Neutral,4,Maul
2,Felucia,Neutral,4,Darth Malgus
2,Felucia,Neutral,4,Rebel Officer Leia Organa
2,Felucia,Neutral,4,Count Dooku
2,Felucia,Neutral,4,Grand Inquisitor
2,Felucia,Neutral,4,Boba Fett, Scion of Jango
2,Felucia,Neutral,4,Maul
2,Felucia,Neutral,4,Hermit Yoda
2,Felucia,Neutral,4,Kuiil
2,Felucia,Neutral,4,Supreme Leader Kylo Ren
2,Felucia,Neutral,4,TIE/IN Interceptor Prototype
2,Felucia,Neutral,4,Scythe
2,Felucia,Neutral,4,Logray
2,Felucia,Neutral,4,General Veers
2,Felucia,Neutral,5,Grand Inquisitor
2,Felucia,Neutral,5,Darth Malgus
2,Felucia,Neutral,5,Scythe
2,Felucia,Neutral,5,Embo
2,Felucia,Neutral,5,Almirante Ackbar
2,Felucia,Neutral,5,General Skywalker
2,Felucia,Neutral,5,Darth Malgus
2,Felucia,Neutral,5,Boba Fett, Scion of Jango
2,Felucia,Neutral,5,Cassian's U-wing
2,Felucia,Neutral,5,Sith Trooper
2,Felucia,Neutral,5,Rey
2,Felucia,Neutral,5,Commander Ahsoka Tano
2,Felucia,Neutral,5,Razor Crest
2,Felucia,Neutral,5,Bastila Shan
2,Felucia,Neutral,5,Death Trooper
2,Felucia,Neutral,6,Starkiller
2,Felucia,Neutral,6,Boba Fett, Scion of Jango
2,Felucia,Neutral,6,Darth Malgus
2,Felucia,Neutral,6,Ki-Adi-Mundi
2,Felucia,Neutral,6,Lando Carlrissian
2,Felucia,Neutral,6,Darth Malak
2,Felucia,Neutral,6,Ben Solo
2,Felucia,Neutral,6,Boba Fett, Scion of Jango
2,Felucia,Neutral,6,Rebel Officer Leia Organa
2,Felucia,Neutral,6,BT-1
2,Felucia,Neutral,6,Sith Eternal Emperor
2,Felucia,Neutral,6,Commander Ahsoka Tano
2,Felucia,Neutral,6,Scythe
2,Felucia,Neutral,6,Han Solo
2,Felucia,Neutral,6,L3-37
2,Bracca,Luminoso,1,Boushh
2,Bracca,Luminoso,1,Razor Crest
2,Bracca,Luminoso,1,Wedge Antilles
2,Bracca,Luminoso,1,L3-37
2,Bracca,Luminoso,1,Ghost
2,Bracca,Luminoso,1,Admiral Raddus
2,Bracca,Luminoso,1,Commander Ahsoka Tano
2,Bracca,Luminoso,1,Poe Dameron's X-wing
2,Bracca,Luminoso,1,Clone Sergeant - Phase I
2,Bracca,Luminoso,1,R2-D2
2,Bracca,Luminoso,1,Rey
2,Bracca,Luminoso,1,Razor Crest
2,Bracca,Luminoso,1,BTL-B Y-wing Startfighter
2,Bracca,Luminoso,1,Juhani
2,Bracca,Luminoso,1,Outrider
2,Bracca,Luminoso,2,Young Han Solo
2,Bracca,Luminoso,2,Razor Crest
2,Bracca,Luminoso,2,Pao
2,Bracca,Luminoso,2,Chewbacca
2,Bracca,Luminoso,2,Mon Mothma
2,Bracca,Luminoso,2,Aayla Secura
2,Bracca,Luminoso,2,Ben Solo
2,Bracca,Luminoso,2,Jedi Consular's Startfighter
2,Bracca,Luminoso,2,BB-8
2,Bracca,Luminoso,2,C-3PO
2,Bracca,Luminoso,2,Profundidad
2,Bracca,Luminoso,2,Razor Crest
2,Bracca,Luminoso,2,ARC Trooper
2,Bracca,Luminoso,2,Jedi Knight Revan
2,Bracca,Luminoso,2,BTL-B Y-wing Startfighter
2,Bracca,Luminoso,3,Endurance
2,Bracca,Luminoso,3,Ben Solo
2,Bracca,Luminoso,3,CT-21-0408 "Echo"
2,Bracca,Luminoso,3,Grand Master Yoda
2,Bracca,Luminoso,3,Ebon Hawk
2,Bracca,Luminoso,3,Greef Karga
2,Bracca,Luminoso,3,Ben Solo
2,Bracca,Luminoso,3,Kanan Jarrus
2,Bracca,Luminoso,3,BB-8
2,Bracca,Luminoso,3,Rey (Jedi Training)
2,Bracca,Luminoso,3,Jedi Master Kenobi
2,Bracca,Luminoso,3,Ben Solo
2,Bracca,Luminoso,3,Rose Tico
2,Bracca,Luminoso,3,Grand Master Yoda
2,Bracca,Luminoso,3,Enfys Nest
2,Bracca,Luminoso,4,Threepio & Chewie
2,Bracca,Luminoso,4,Commander Ahsoka Tano
2,Bracca,Luminoso,4,Razor Crest
2,Bracca,Luminoso,4,Bodhi Rook
2,Bracca,Luminoso,4,CT-5555 "Fives"
2,Bracca,Luminoso,4,Greef Karga
2,Bracca,Luminoso,4,Ben Solo
2,Bracca,Luminoso,4,Commander Ahsoka Tano
2,Bracca,Luminoso,4,Ghost
2,Bracca,Luminoso,4,R2-D2
2,Bracca,Luminoso,4,Profundidad
2,Bracca,Luminoso,4,Razor Crest
2,Bracca,Luminoso,4,Ben Solo
2,Bracca,Luminoso,4,Veteran Smuggler Chewbacca
2,Bracca,Luminoso,4,Omega
2,Bracca,Luminoso,5,Bistan's U-wing
2,Bracca,Luminoso,5,Razor Crest
2,Bracca,Luminoso,5,Ben Solo
2,Bracca,Luminoso,5,Rey (Jedi Training)
2,Bracca,Luminoso,5,Ezra Bridger
2,Bracca,Luminoso,5,Outrider
2,Bracca,Luminoso,5,Commander Ahsoka Tano
2,Bracca,Luminoso,5,Razor Crest
2,Bracca,Luminoso,5,Chewbacca
2,Bracca,Luminoso,5,Grand Master Yoda
2,Bracca,Luminoso,5,Jedi Master Kenobi
2,Bracca,Luminoso,5,Razor Crest
2,Bracca,Luminoso,5,Ben Solo
2,Bracca,Luminoso,5,Han's Millennium Falcon
2,Bracca,Luminoso,5,Kanan Jarrus
2,Bracca,Luminoso,6,CT-7567 "Rex"
2,Bracca,Luminoso,6,Ben Solo
2,Bracca,Luminoso,6,Razor Crest
2,Bracca,Luminoso,6,Commander Luke Skywalker
2,Bracca,Luminoso,6,Raven's Claw
2,Bracca,Luminoso,6,Vandor Chewbacca
2,Bracca,Luminoso,6,Razor Crest
2,Bracca,Luminoso,6,Commander Ahsoka Tano
2,Bracca,Luminoso,6,Grand Master Yoda
2,Bracca,Luminoso,6,C-3PO
2,Bracca,Luminoso,6,Rey
2,Bracca,Luminoso,6,Ben Solo
2,Bracca,Luminoso,6,Razor Crest
2,Bracca,Luminoso,6,Padmé Amidala
2,Bracca,Luminoso,6,Teebo
3,Dathomir,Dark,1,TIE/IN Interceptor Prototype
3,Dathomir,Dark,1,Darth Malgus
3,Dathomir,Dark,1,General Grievous
3,Dathomir,Dark,1,First Order SF TIE Fighter
3,Dathomir,Dark,1,Darth Maul
3,Dathomir,Dark,1,Sith Eternal Emperor
3,Dathomir,Dark,1,Scythe
3,Dathomir,Dark,1,TIE/IN Interceptor Prototype
3,Dathomir,Dark,1,Darth Traya
3,Dathomir,Dark,1,Dengar
3,Dathomir,Dark,1,Lord Vader
3,Dathomir,Dark,1,Maul
3,Dathomir,Dark,1,Darth Malgus
3,Dathomir,Dark,1,General Grievous
3,Dathomir,Dark,1,Geonosian Spy's Starfighter
3,Dathomir,Dark,2,TIE/IN Interceptor Prototype
3,Dathomir,Dark,2,Scythe
3,Dathomir,Dark,2,Wat Tambor
3,Dathomir,Dark,2,Talia
3,Dathomir,Dark,2,Savage Opress
3,Dathomir,Dark,2,Sith Eternal Emperor
3,Dathomir,Dark,2,Scythe
3,Dathomir,Dark,2,Boba Fett, Scion of Jango
3,Dathomir,Dark,2,General Grievous
3,Dathomir,Dark,2,General Hux
3,Dathomir,Dark,2,Lord Vader
3,Dathomir,Dark,2,Maul
3,Dathomir,Dark,2,TIE/IN Interceptor Prototype
3,Dathomir,Dark,2,Imperial Probe Droid
3,Dathomir,Dark,2,Tusken Raider
3,Dathomir,Dark,3,Maul
3,Dathomir,Dark,3,Darth Malgus
3,Dathomir,Dark,3,Wat Tambor
3,Dathomir,Dark,3,Hyena Bomber
3,Dathomir,Dark,3,HK-47
3,Dathomir,Dark,3,Sith Eternal Emperor
3,Dathomir,Dark,3,TIE/IN Interceptor Prototype
3,Dathomir,Dark,3,Scythe
3,Dathomir,Dark,3,Wat Tambor
3,Dathomir,Dark,3,Dark Trooper
3,Dathomir,Dark,3,Lord Vader
3,Dathomir,Dark,3,Maul
3,Dathomir,Dark,3,Scythe
3,Dathomir,Dark,3,Imperial Probe Droid
3,Dathomir,Dark,3,Sith Assassin
3,Dathomir,Dark,4,Scythe
3,Dathomir,Dark,4,Maul
3,Dathomir,Dark,4,Darth Revan
3,Dathomir,Dark,4,Dengar
3,Dathomir,Dark,4,Cad Bane
3,Dathomir,Dark,4,Lord Vader
3,Dathomir,Dark,4,Boba Fett, Scion of Jango
3,Dathomir,Dark,4,Darth Malgus
3,Dathomir,Dark,4,IG-88
3,Dathomir,Dark,4,Mother Talzin
3,Dathomir,Dark,4,Lord Vader
3,Dathomir,Dark,4,Darth Malgus
3,Dathomir,Dark,4,Scythe
3,Dathomir,Dark,4,Sith Trooper
3,Dathomir,Dark,4,TIE Advanced x1
3,Dathomir,Dark,5,TIE/IN Interceptor Prototype
3,Dathomir,Dark,5,Darth Malgus
3,Dathomir,Dark,5,Grand Admiral Thrawn
3,Dathomir,Dark,5,Seventh Sister
3,Dathomir,Dark,5,First Order SF TIE Pilot
3,Dathomir,Dark,5,Sith Eternal Emperor
3,Dathomir,Dark,5,Darth Malgus
3,Dathomir,Dark,5,TIE/IN Interceptor Prototype
3,Dathomir,Dark,5,0-0-0
3,Dathomir,Dark,5,Gar Saxon
3,Dathomir,Dark,5,Lord Vader
3,Dathomir,Dark,5,TIE/IN Interceptor Prototype
3,Dathomir,Dark,5,Scythe
3,Dathomir,Dark,5,Grand Moff Tarkin
3,Dathomir,Dark,5,Emperor's Shuttle
3,Dathomir,Dark,6,Boba Fett, Scion of Jango
3,Dathomir,Dark,6,Maul
3,Dathomir,Dark,6,Chimaera
3,Dathomir,Dark,6,Director Krennic
3,Dathomir,Dark,6,Imperial TIE Fighter
3,Dathomir,Dark,6,Supreme Leader Kylo Ren
3,Dathomir,Dark,6,Darth Malgus
3,Dathomir,Dark,6,Scythe
3,Dathomir,Dark,6,Tusken Raider
3,Dathomir,Dark,6,Aurra Sing
3,Dathomir,Dark,6,Supreme Leader Kylo Ren
3,Dathomir,Dark,6,Boba Fett, Scion of Jango
3,Dathomir,Dark,6,Darth Malgus
3,Dathomir,Dark,6,Embo
3,Dathomir,Dark,6,Geonosian Soldier's Starfighter
3,Tatooine,Neutral,1,TIE/IN Interceptor Prototype
3,Tatooine,Neutral,1,Razor Crest
3,Tatooine,Neutral,1,Boba Fett, Scion of Jango
3,Tatooine,Neutral,1,Cara Dune
3,Tatooine,Neutral,1,Bastila Shan (Fallen)
3,Tatooine,Neutral,1,Rey
3,Tatooine,Neutral,1,Commander Ahsoka Tano
3,Tatooine,Neutral,1,Darth Malgus
3,Tatooine,Neutral,1,Geonosian Spy
3,Tatooine,Neutral,1,Chirrut Imwe
3,Tatooine,Neutral,1,Sith Eternal Emperor
3,Tatooine,Neutral,1,Maul
3,Tatooine,Neutral,1,Boba Fett, Scion of Jango
3,Tatooine,Neutral,1,Tusken Chieftain
3,Tatooine,Neutral,1,Gauntlet Starfighter
3,Tatooine,Neutral,2,Boba Fett, Scion of Jango
3,Tatooine,Neutral,2,Scythe
3,Tatooine,Neutral,2,TIE/IN Interceptor Prototype
3,Tatooine,Neutral,2,Outrider
3,Tatooine,Neutral,2,Qui-Gon Jinn
3,Tatooine,Neutral,2,Jedi Master Kenobi
3,Tatooine,Neutral,2,TIE/IN Interceptor Prototype
3,Tatooine,Neutral,2,Razor Crest
3,Tatooine,Neutral,2,50R-T
3,Tatooine,Neutral,2,Obi-Wan Kenobi (Old Ben)
3,Tatooine,Neutral,2,Sith Eternal Emperor
3,Tatooine,Neutral,2,Maul
3,Tatooine,Neutral,2,Commander Ahsoka Tano
3,Tatooine,Neutral,2,Nightsister Acolyte
3,Tatooine,Neutral,2,Bastila Shan (Fallen)
3,Tatooine,Neutral,3,Darth Malgus
3,Tatooine,Neutral,3,Boba Fett, Scion of Jango
3,Tatooine,Neutral,3,Scythe
3,Tatooine,Neutral,3,Luminara Unduli
3,Tatooine,Neutral,3,Hunter
3,Tatooine,Neutral,3,Jedi Master Kenobi
3,Tatooine,Neutral,3,Razor Crest
3,Tatooine,Neutral,3,Darth Malgus
3,Tatooine,Neutral,3,Rose Tico
3,Tatooine,Neutral,3,Ewok Scout
3,Tatooine,Neutral,3,Supreme Leader Kylo Ren
3,Tatooine,Neutral,3,Ben Solo
3,Tatooine,Neutral,3,Maul
3,Tatooine,Neutral,3,Skiff Guard (Lando Carlissian)
3,Tatooine,Neutral,3,Mara Jade
3,Tatooine,Neutral,4,Jedi Knight Luke Skywalker
3,Tatooine,Neutral,4,Boba Fett, Scion of Jango
3,Tatooine,Neutral,4,Commander Ahsoka Tano
3,Tatooine,Neutral,4,TIE Reaper
3,Tatooine,Neutral,4,Young Han Solo
3,Tatooine,Neutral,4,Jedi Master Luke Skywalker
3,Tatooine,Neutral,4,Starkiller
3,Tatooine,Neutral,4,Scythe
3,Tatooine,Neutral,4,Resistance Hero Poe
3,Tatooine,Neutral,4,Coruscant Underworld Police
3,Tatooine,Neutral,4,Jedi Master Kenobi
3,Tatooine,Neutral,4,Darth Malak
3,Tatooine,Neutral,4,Razor Crest
3,Tatooine,Neutral,4,Ewok Elder
3,Tatooine,Neutral,4,Kylo Ren (Unmasked)
3,Tatooine,Neutral,5,Jedi Knight Luke Skywalker
3,Tatooine,Neutral,5,Maul
3,Tatooine,Neutral,5,Darth Malgus
3,Tatooine,Neutral,5,B1 Battle Droid
3,Tatooine,Neutral,5,Hoth Rebel Scout
3,Tatooine,Neutral,5,Rey
3,Tatooine,Neutral,5,General Skywalker
3,Tatooine,Neutral,5,Scythe
3,Tatooine,Neutral,5,Finalizer
3,Tatooine,Neutral,5,Bodhi Rook
3,Tatooine,Neutral,5,Jedi Master Luke Skywalker
3,Tatooine,Neutral,5,Starkiller
3,Tatooine,Neutral,5,TIE/IN Interceptor Prototype
3,Tatooine,Neutral,5,Teebo
3,Tatooine,Neutral,5,HK-47
3,Tatooine,Neutral,6,Darth Malak
3,Tatooine,Neutral,6,Boba Fett, Scion of Jango
3,Tatooine,Neutral,6,TIE/IN Interceptor Prototype
3,Tatooine,Neutral,6,Hondo Ohnaka
3,Tatooine,Neutral,6,Barriss Offee
3,Tatooine,Neutral,6,Sith Eternal Emperor
3,Tatooine,Neutral,6,Jedi Knight Luke Skywalker
3,Tatooine,Neutral,6,Maul
3,Tatooine,Neutral,6,IG-2000
3,Tatooine,Neutral,6,First Order SF TIE Fighter
3,Tatooine,Neutral,6,Supreme Leader Kylo Ren
3,Tatooine,Neutral,6,Jedi Knight Luke Skywalker
3,Tatooine,Neutral,6,Darth Malgus
3,Tatooine,Neutral,6,Resistance Hero Finn
3,Tatooine,Neutral,6,Obi-Wan Kenobi (Old Ben)
3,Kashyyyk,Luminoso,1,Commander Ahsoka Tano
3,Kashyyyk,Luminoso,1,R2-D2
3,Kashyyyk,Luminoso,1,Logray
3,Kashyyyk,Luminoso,1,Mace Windu
3,Kashyyyk,Luminoso,1,Han Solo
3,Kashyyyk,Luminoso,1,Jedi Master Luke Skywalker
3,Kashyyyk,Luminoso,1,Padmé Amidala
3,Kashyyyk,Luminoso,1,Hermit Yoda
3,Kashyyyk,Luminoso,1,Razor Crest
3,Kashyyyk,Luminoso,1,C-3PO
3,Kashyyyk,Luminoso,1,Rey
3,Kashyyyk,Luminoso,1,R2-D2
3,Kashyyyk,Luminoso,1,Hermit Yoda
3,Kashyyyk,Luminoso,1,Razor Crest
3,Kashyyyk,Luminoso,1,Jedi Knight Anakin
3,Kashyyyk,Luminoso,2,Razor Crest
3,Kashyyyk,Luminoso,2,Commander Luke Skywalker
3,Kashyyyk,Luminoso,2,Ki-Adi-Mundi
3,Kashyyyk,Luminoso,2,BB-8
3,Kashyyyk,Luminoso,2,Logray
3,Kashyyyk,Luminoso,2,Jedi Master Kenobi
3,Kashyyyk,Luminoso,2,Han's Millennium Falcon
3,Kashyyyk,Luminoso,2,Ki-Adi-Mundi
3,Kashyyyk,Luminoso,2,Commander Ahsoka Tano
3,Kashyyyk,Luminoso,2,Jedi Knight Revan
3,Kashyyyk,Luminoso,2,Jedi Master Kenobi
3,Kashyyyk,Luminoso,2,BB-8
3,Kashyyyk,Luminoso,2,Logray
3,Kashyyyk,Luminoso,2,Commander Ahsoka Tano
3,Kashyyyk,Luminoso,2,Raven's Claw
3,Kashyyyk,Luminoso,3,Commander Ahsoka Tano
3,Kashyyyk,Luminoso,3,Greef Karga
3,Kashyyyk,Luminoso,3,Ki-Adi-Mundi
3,Kashyyyk,Luminoso,3,Clone Sergeant - Phase I
3,Kashyyyk,Luminoso,3,General Kenobi
3,Kashyyyk,Luminoso,3,Jedi Master Luke Skywalker
3,Kashyyyk,Luminoso,3,Han's Millennium Falcon
3,Kashyyyk,Luminoso,3,Rebel Officer Leia Organa
3,Kashyyyk,Luminoso,3,Ben Solo
3,Kashyyyk,Luminoso,3,Grand Master Yoda
3,Kashyyyk,Luminoso,3,Jedi Master Luke Skywalker
3,Kashyyyk,Luminoso,3,R2-D2
3,Kashyyyk,Luminoso,3,Rebel Officer Leia Organa
3,Kashyyyk,Luminoso,3,Razor Crest
3,Kashyyyk,Luminoso,3,Skiff Guard (Lando Carlissian)
3,Kashyyyk,Luminoso,4,Commander Ahsoka Tano
3,Kashyyyk,Luminoso,4,BB-8
3,Kashyyyk,Luminoso,4,R2-D2
3,Kashyyyk,Luminoso,4,CT-5555 "Fives"
3,Kashyyyk,Luminoso,4,Logray
3,Kashyyyk,Luminoso,4,Rey
3,Kashyyyk,Luminoso,4,C-3PO
3,Kashyyyk,Luminoso,4,Ben Solo
3,Kashyyyk,Luminoso,4,Lando's Millennium Falcon
3,Kashyyyk,Luminoso,4,Greef Karga
3,Kashyyyk,Luminoso,4,Rey
3,Kashyyyk,Luminoso,4,Han's Millennium Falcon
3,Kashyyyk,Luminoso,4,Razor Crest
3,Kashyyyk,Luminoso,4,Resistance Trooper
3,Kashyyyk,Luminoso,4,Hoth Rebel Scout
3,Kashyyyk,Luminoso,5,Ben Solo
3,Kashyyyk,Luminoso,5,C-3PO
3,Kashyyyk,Luminoso,5,Rey (Jedi Training)
3,Kashyyyk,Luminoso,5,Greef Karga
3,Kashyyyk,Luminoso,5,Logray
3,Kashyyyk,Luminoso,5,Rey
3,Kashyyyk,Luminoso,5,Greef Karga
3,Kashyyyk,Luminoso,5,Commander Ahsoka Tano
3,Kashyyyk,Luminoso,5,Padmé Amidala
3,Kashyyyk,Luminoso,5,Commander Luke Skywalker
3,Kashyyyk,Luminoso,5,Jedi Master Luke Skywalker
3,Kashyyyk,Luminoso,5,Grand Master Yoda
3,Kashyyyk,Luminoso,5,Ben Solo
3,Kashyyyk,Luminoso,5,Greef Karga
3,Kashyyyk,Luminoso,5,K-2SO
3,Kashyyyk,Luminoso,6,Razor Crest
3,Kashyyyk,Luminoso,6,Commander Luke Skywalker
3,Kashyyyk,Luminoso,6,Han's Millennium Falcon
3,Kashyyyk,Luminoso,6,Negotiador
3,Kashyyyk,Luminoso,6,Han Solo
3,Kashyyyk,Luminoso,6,Rey
3,Kashyyyk,Luminoso,6,Jedi Knight Revan
3,Kashyyyk,Luminoso,6,Ben Solo
3,Kashyyyk,Luminoso,6,Resistance Trooper
3,Kashyyyk,Luminoso,6,Han's Millennium Falcon
3,Kashyyyk,Luminoso,6,Jedi Master Luke Skywalker
3,Kashyyyk,Luminoso,6,Padmé Amidala
3,Kashyyyk,Luminoso,6,Ben Solo
3,Kashyyyk,Luminoso,6,Ewok Scout
3,Kashyyyk,Luminoso,6,Hoth Rebel Soldier
3,Zeffo,,,General Skywalker
3,Zeffo,,,General Skywalker
3,Zeffo,,,General Skywalker
3,Zeffo,,,General Skywalker
3,Zeffo,,,General Skywalker
3,Zeffo,,,General Skywalker
3,Zeffo,,,Jedi Knight Luke Skywalker
3,Zeffo,,,Jedi Knight Luke Skywalker
3,Zeffo,,,Jedi Knight Luke Skywalker
3,Zeffo,,,Jedi Knight Luke Skywalker
3,Zeffo,,,Jedi Knight Luke Skywalker
3,Zeffo,,,Jedi Knight Luke Skywalker
3,Zeffo,,,Ki-Adi-Mundi
3,Zeffo,,,Ki-Adi-Mundi
3,Zeffo,,,Ki-Adi-Mundi
3,Zeffo,,,Ki-Adi-Mundi
3,Zeffo,,,Ki-Adi-Mundi
3,Zeffo,,,Ki-Adi-Mundi
3,Zeffo,,,Jedi Master Luke Skywalker
3,Zeffo,,,Jedi Master Luke Skywalker
3,Zeffo,,,Jedi Master Luke Skywalker
3,Zeffo,,,Jedi Master Luke Skywalker
3,Zeffo,,,Jedi Master Luke Skywalker
3,Zeffo,,,Jedi Master Kenobi
3,Zeffo,,,Jedi Master Kenobi
3,Zeffo,,,Jedi Master Kenobi
3,Zeffo,,,Jedi Master Kenobi
3,Zeffo,,,Ben Solo
3,Zeffo,,,Ben Solo
3,Zeffo,,,Ben Solo
3,Zeffo,,,Commander Luke Skywalker
3,Zeffo,,,Commander Luke Skywalker
3,Zeffo,,,Commander Luke Skywalker
3,Zeffo,,,Han Solo
3,Zeffo,,,Han Solo
3,Zeffo,,,Han Solo
3,Zeffo,,,Jedi Consul
3,Zeffo,,,Jedi Consul
3,Zeffo,,,Jedi Consul
3,Zeffo,,,Jedi Knight Guardian
3,Zeffo,,,Jedi Knight Guardian
3,Zeffo,,,Jedi Knight Guardian
3,Zeffo,,,Jolee Bindo
3,Zeffo,,,Jolee Bindo
3,Zeffo,,,Jolee Bindo
3,Zeffo,,,Kyle Katarn
3,Zeffo,,,Kyle Katarn
3,Zeffo,,,Kyle Katarn
3,Zeffo,,,Rey
3,Zeffo,,,Rey
3,Zeffo,,,Rey
3,Zeffo,,,Rey (Jedi Training)
3,Zeffo,,,Rey (Jedi Training)
3,Zeffo,,,Rey (Jedi Training)
3,Zeffo,,,Chief Chirpa
3,Zeffo,,,Chief Chirpa
3,Zeffo,,,Chirrut Imwe
3,Zeffo,,,Chirrut Imwe
3,Zeffo,,,Clone Sergeant - Phase I
3,Zeffo,,,Clone Sergeant - Phase I
3,Zeffo,,,General Kenobi
3,Zeffo,,,General Kenobi
3,Zeffo,,,Luke Skywalker (Farmboy)
3,Zeffo,,,Luke Skywalker (Farmboy)
3,Zeffo,,,MG-100 StarFortress SF-17
3,Zeffo,,,MG-100 StarFortress SF-17
3,Zeffo,,,Razor Crest
3,Zeffo,,,Razor Crest
3,Zeffo,,,BB-8
3,Zeffo,,,C-3PO
3,Zeffo,,,Chewbacca
3,Zeffo,,,Clone Sergeant's ARC-170
3,Zeffo,,,Commander Ahsoka Tano
3,Zeffo,,,Enfys Nest
3,Zeffo,,,Garazeb Zeb Orrelios
3,Zeffo,,,Hermit Yoda
3,Zeffo,,,Home One
3,Zeffo,,,Jedi Consular's Starfighter
3,Zeffo,,,Jedi Knight Revan
3,Zeffo,,,Juhani
3,Zeffo,,,Kit Fisto
3,Zeffo,,,Mission Vao
3,Zeffo,,,Padmé Amidala
3,Zeffo,,,Plo Koon
3,Zeffo,,,Qi'ra
3,Zeffo,,,R2-D2
3,Zeffo,,,Raddus
3,Zeffo,,,Rex's ARC-170
3,Zeffo,,,Visas Marr
3,Zeffo,,,Wrecker
4,Haven-class,Dark,1,Sith Eternal Emperor
4,Haven-class,Dark,1,Starkiller
4,Haven-class,Dark,1,Scythe
4,Haven-class,Dark,1,Nightsister Spirit
4,Haven-class,Dark,1,Range Trooper
4,Haven-class,Dark,1,Lord Vader
4,Haven-class,Dark,1,Starkiller
4,Haven-class,Dark,1,Maul
4,Haven-class,Dark,1,Bastila Shan (Fallen)
4,Haven-class,Dark,1,Darth Vader
4,Haven-class,Dark,1,Ejecutor
4,Haven-class,Dark,1,Darth Malak
4,Haven-class,Dark,1,Scythe
4,Haven-class,Dark,1,Embo
4,Haven-class,Dark,1,BT-1
4,Haven-class,Dark,2,Sith Eternal Emperor
4,Haven-class,Dark,2,Darth Malak
4,Haven-class,Dark,2,TIE/IN Interceptor Prototype
4,Haven-class,Dark,2,Iden Versio
4,Haven-class,Dark,2,Snowtrooper
4,Haven-class,Dark,2,Sith Eternal Emperor
4,Haven-class,Dark,2,Starkiller
4,Haven-class,Dark,2,TIE/IN Interceptor Prototype
4,Haven-class,Dark,2,Cad Bane
4,Haven-class,Dark,2,First Order Stormtrooper
4,Haven-class,Dark,2,Supreme Leader Kylo Ren
4,Haven-class,Dark,2,Starkiller
4,Haven-class,Dark,2,Boba Fett, Scion of Jango
4,Haven-class,Dark,2,Nightsister Zombie
4,Haven-class,Dark,2,Aurra Sing
4,Haven-class,Dark,3,Supreme Leader Kylo Ren
4,Haven-class,Dark,3,Starkiller
4,Haven-class,Dark,3,Darth Malgus
4,Haven-class,Dark,3,Dengar
4,Haven-class,Dark,3,Hyena Bomber
4,Haven-class,Dark,3,Lord Vader
4,Haven-class,Dark,3,Darth Malak
4,Haven-class,Dark,3,Darth Malgus
4,Haven-class,Dark,3,Nightsister Initiate
4,Haven-class,Dark,3,Darth Maul
4,Haven-class,Dark,3,Ejecutor
4,Haven-class,Dark,3,Starkiller
4,Haven-class,Dark,3,TIE/IN Interceptor Prototype
4,Haven-class,Dark,3,TIE Silencer
4,Haven-class,Dark,3,Snowtrooper
4,Haven-class,Dark,4,Supreme Leader Kylo Ren
4,Haven-class,Dark,4,Boba Fett, Scion of Jango
4,Haven-class,Dark,4,Director Krennic
4,Haven-class,Dark,4,Eight brother
4,Haven-class,Dark,4,IG-88
4,Haven-class,Dark,4,Lord Vader
4,Haven-class,Dark,4,Scythe
4,Haven-class,Dark,4,HK-47
4,Haven-class,Dark,4,Nightsister Acolyte
4,Haven-class,Dark,4,Wampa
4,Haven-class,Dark,4,Lord Vader
4,Haven-class,Dark,4,Boba Fett, Scion of Jango
4,Haven-class,Dark,4,Krrsantan
4,Haven-class,Dark,4,Asajj Ventress
4,Haven-class,Dark,4,TIE/IN Interceptor Prototype
4,Haven-class,Dark,5,Ejecutor
4,Haven-class,Dark,5,Maul
4,Haven-class,Dark,5,Hyena Bomber
4,Haven-class,Dark,5,Asajj Ventress
4,Haven-class,Dark,5,Savage Opress
4,Haven-class,Dark,5,Sith Eternal Emperor
4,Haven-class,Dark,5,TIE/IN Interceptor Prototype
4,Haven-class,Dark,5,Seventh Sister
4,Haven-class,Dark,5,General Veers
4,Haven-class,Dark,5,Second Sister
4,Haven-class,Dark,5,Supreme Leader Kylo Ren
4,Haven-class,Dark,5,Maul
4,Haven-class,Dark,5,Aurra Sing
4,Haven-class,Dark,5,Mara Jade
4,Haven-class,Dark,5,Scythe
4,Haven-class,Dark,6,Ejecutor
4,Haven-class,Dark,6,TIE/IN Interceptor Prototype
4,Haven-class,Dark,6,Hondo Ohnaka
4,Haven-class,Dark,6,Emperor's Shuttle
4,Haven-class,Dark,6,TIE Fighter Pilot
4,Haven-class,Dark,6,Lord Vader
4,Haven-class,Dark,6,Scythe
4,Haven-class,Dark,6,B2
4,Haven-class,Dark,6,Malevolence
4,Haven-class,Dark,6,Emperor's Shuttle
4,Haven-class,Dark,6,Supreme Leader Kylo Ren
4,Haven-class,Dark,6,TIE/IN Interceptor Prototype
4,Haven-class,Dark,6,First Order TIE pilot
4,Haven-class,Dark,6,Dathcha
4,Haven-class,Dark,6,Boba Fett, Scion of Jango
4,Lothal,Luminoso,1,Jedi Master Luke Skywalker
4,Lothal,Luminoso,1,Hermit Yoda
4,Lothal,Luminoso,1,Ben Solo
4,Lothal,Luminoso,1,Veteran Smuggler Chewbacca
4,Lothal,Luminoso,1,Jedi Knight Revan
4,Lothal,Luminoso,1,Jedi Master Luke Skywalker
4,Lothal,Luminoso,1,Rebel Officer Leia Organa
4,Lothal,Luminoso,1,Razor Crest
4,Lothal,Luminoso,1,Zaalbar
4,Lothal,Luminoso,1,Dash Rendar
4,Lothal,Luminoso,1,Profundidad
4,Lothal,Luminoso,1,Han Solo
4,Lothal,Luminoso,1,Razor Crest
4,Lothal,Luminoso,1,Xanadu Blood
4,Lothal,Luminoso,1,Y-Wing rebelde
4,Lothal,Luminoso,2,Profundidad
4,Lothal,Luminoso,2,Ki-Adi-Mundi
4,Lothal,Luminoso,2,Commander Ahsoka Tano
4,Lothal,Luminoso,2,The Mandalorian (Beskar Armor)
4,Lothal,Luminoso,2,Chewbacca
4,Lothal,Luminoso,2,Profundidad
4,Lothal,Luminoso,2,Hermit Yoda
4,Lothal,Luminoso,2,Commander Ahsoka Tano
4,Lothal,Luminoso,2,BB-8
4,Lothal,Luminoso,2,Zaalbar
4,Lothal,Luminoso,2,Jedi Master Luke Skywalker
4,Lothal,Luminoso,2,General Kenobi
4,Lothal,Luminoso,2,Commander Ahsoka Tano
4,Lothal,Luminoso,2,Chewbacca
4,Lothal,Luminoso,2,Xanadu Blood
4,Lothal,Luminoso,3,Profundidad
4,Lothal,Luminoso,3,Hermit Yoda
4,Lothal,Luminoso,3,Razor Crest
4,Lothal,Luminoso,3,Finn
4,Lothal,Luminoso,3,R2-D2
4,Lothal,Luminoso,3,Rey
4,Lothal,Luminoso,3,Ki-Adi-Mundi
4,Lothal,Luminoso,3,Commander Ahsoka Tano
4,Lothal,Luminoso,3,50R-T
4,Lothal,Luminoso,3,Raven's Claw
4,Lothal,Luminoso,3,Profundidad
4,Lothal,Luminoso,3,Hermit Yoda
4,Lothal,Luminoso,3,Ben Solo
4,Lothal,Luminoso,3,Ebon Hawk
4,Lothal,Luminoso,3,Chief Nebit
4,Lothal,Luminoso,4,Profundidad
4,Lothal,Luminoso,4,Rebel Officer Leia Organa
4,Lothal,Luminoso,4,Ghost
4,Lothal,Luminoso,4,Kyle Katarn
4,Lothal,Luminoso,4,Rey (Jedi Training)
4,Lothal,Luminoso,4,Jedi Master Luke Skywalker
4,Lothal,Luminoso,4,General Kenobi
4,Lothal,Luminoso,4,Scariff Rebel Pathfinder
4,Lothal,Luminoso,4,Jolee Bindo
4,Lothal,Luminoso,4,Commander Ahsoka Tano
4,Lothal,Luminoso,4,Jedi Master Luke Skywalker
4,Lothal,Luminoso,4,Rebel Officer Leia Organa
4,Lothal,Luminoso,4,Outrider
4,Lothal,Luminoso,4,Scariff Rebel Pathfinder
4,Lothal,Luminoso,4,Eeth Koth
4,Lothal,Luminoso,5,Jedi Master Kenobi
4,Lothal,Luminoso,5,Han Solo
4,Lothal,Luminoso,5,Tech
4,Lothal,Luminoso,5,Padmé Amidala
4,Lothal,Luminoso,5,Jedi Knight Revan
4,Lothal,Luminoso,5,Jedi Master Kenobi
4,Lothal,Luminoso,5,Logray
4,Lothal,Luminoso,5,Jedi Consul
4,Lothal,Luminoso,5,Grand Master Yoda
4,Lothal,Luminoso,5,Razor Crest
4,Lothal,Luminoso,5,Profundidad
4,Lothal,Luminoso,5,Logray
4,Lothal,Luminoso,5,Bistan
4,Lothal,Luminoso,5,Jedi Master Kenobi
4,Lothal,Luminoso,5,Han's Millennium Falcon
4,Lothal,Luminoso,5,Plo Koon's Jedi Startfighter
4,Lothal,Luminoso,6,Jedi Master Luke Skywalker
4,Lothal,Luminoso,6,Rebel Officer Leia Organa
4,Lothal,Luminoso,6,Wedge Antilles X-Wing
4,Lothal,Luminoso,6,Sana Starros
4,Lothal,Luminoso,6,Padmé Amidala
4,Lothal,Luminoso,6,Jedi Master Luke Skywalker
4,Lothal,Luminoso,6,Hermit Yoda
4,Lothal,Luminoso,6,Echo
4,Lothal,Luminoso,6,Aayla Secura
4,Lothal,Luminoso,6,Ben Solo
4,Lothal,Luminoso,6,Jedi Master Luke Skywalker
4,Lothal,Luminoso,6,General Kenobi
4,Lothal,Luminoso,6,Wicket
4,Lothal,Luminoso,6,50R-T
4,Lothal,Luminoso,6,Hondo Ohnaka
4,Kessel,Neutral,1,Ejecutor
4,Kessel,Neutral,1,Starkiller
4,Kessel,Neutral,1,TIE/IN Interceptor Prototype
4,Kessel,Neutral,1,Coruscant Underworld Police
4,Kessel,Neutral,1,Poggle
4,Kessel,Neutral,1,Lord Vader
4,Kessel,Neutral,1,General Skywalker
4,Kessel,Neutral,1,TIE/IN Interceptor Prototype
4,Kessel,Neutral,1,Halcón de Ébano
4,Kessel,Neutral,1,Boba Fett, Scion of Jango
4,Kessel,Neutral,1,Rey
4,Kessel,Neutral,1,Caballero Jedi Luke Skywalker
4,Kessel,Neutral,1,TIE/IN Interceptor Prototype
4,Kessel,Neutral,1,Caza estelar del Jedi Consul
4,Kessel,Neutral,1,Outrider
4,Kessel,Neutral,2,Jedi Master Kenobi
4,Kessel,Neutral,2,Starkiller
4,Kessel,Neutral,2,Maul
4,Kessel,Neutral,2,Gamorrean Guard
4,Kessel,Neutral,2,Caza Sith
4,Kessel,Neutral,2,Rey
4,Kessel,Neutral,2,Darth Malak
4,Kessel,Neutral,2,Razor Crest
4,Kessel,Neutral,2,ARC-170 de Rex
4,Kessel,Neutral,2,Ben Solo
4,Kessel,Neutral,2,Sith Eternal Emperor
4,Kessel,Neutral,2,Starkiller
4,Kessel,Neutral,2,Darth Malgus
4,Kessel,Neutral,2,Echo
4,Kessel,Neutral,2,Aurra Sing
4,Kessel,Neutral,3,Sith Eternal Emperor
4,Kessel,Neutral,3,Starkiller
4,Kessel,Neutral,3,Scythe
4,Kessel,Neutral,3,Seventh Sister
4,Kessel,Neutral,3,Nightsister Initiate
4,Kessel,Neutral,3,Supreme Leader Kylo Ren
4,Kessel,Neutral,3,Starkiller
4,Kessel,Neutral,3,Razor Crest
4,Kessel,Neutral,3,Nightsister Initiate
4,Kessel,Neutral,3,TIE/IN Interceptor Prototype
4,Kessel,Neutral,3,Sith Eternal Emperor
4,Kessel,Neutral,3,General Skywalker
4,Kessel,Neutral,3,TIE/IN Interceptor Prototype
4,Kessel,Neutral,3,Esclavo I
4,Kessel,Neutral,3,The Mandalorian
4,Kessel,Neutral,4,Lord Vader
4,Kessel,Neutral,4,General Skywalker
4,Kessel,Neutral,4,Ben Solo
4,Kessel,Neutral,4,Baze Malbus
4,Kessel,Neutral,4,General Veers
4,Kessel,Neutral,4,Rey
4,Kessel,Neutral,4,Caballero Jedi Luke Skywalker
4,Kessel,Neutral,4,Maul
4,Kessel,Neutral,4,Hoth Rebel Soldier
4,Kessel,Neutral,4,Scythe
4,Kessel,Neutral,4,Rey
4,Kessel,Neutral,4,Starkiller
4,Kessel,Neutral,4,Darth Malgus
4,Kessel,Neutral,4,Bo-Katan Kryze
4,Kessel,Neutral,4,Bistan
4,Kessel,Neutral,5,Sith Eternal Emperor
4,Kessel,Neutral,5,General Skywalker
4,Kessel,Neutral,5,Scythe
4,Kessel,Neutral,5,Bombardero de Extinción B-28
4,Kessel,Neutral,5,Asajj Ventress
4,Kessel,Neutral,5,Ejecutor
4,Kessel,Neutral,5,Caballero Jedi Luke Skywalker
4,Kessel,Neutral,5,Maul
4,Kessel,Neutral,5,IG-88
4,Kessel,Neutral,5,Razor Crest
4,Kessel,Neutral,5,Rey
4,Kessel,Neutral,5,Caballero Jedi Luke Skywalker
4,Kessel,Neutral,5,Boba Fett, Scion of Jango
4,Kessel,Neutral,5,50R-T
4,Kessel,Neutral,5,Y-Wing rebelde
4,Kessel,Neutral,6,Sith Eternal Emperor
4,Kessel,Neutral,6,Darth Malak
4,Kessel,Neutral,6,Razor Crest
4,Kessel,Neutral,6,Sith Trooper
4,Kessel,Neutral,6,TIE Silencer
4,Kessel,Neutral,6,Rey
4,Kessel,Neutral,6,Darth Malak
4,Kessel,Neutral,6,Ben Solo
4,Kessel,Neutral,6,Almirante Ackbar
4,Kessel,Neutral,6,Commander Ahsoka Tano
4,Kessel,Neutral,6,Supreme Leader Kylo Ren
4,Kessel,Neutral,6,Starkiller
4,Kessel,Neutral,6,Commander Ahsoka Tano
4,Kessel,Neutral,6,Dark Trooper
4,Kessel,Neutral,6,Kylo Ren
4,Mandalore,,,Doctor Aphra
4,Mandalore,,,Doctor Aphra
4,Mandalore,,,Doctor Aphra
4,Mandalore,,,Doctor Aphra
4,Mandalore,,,Leia Organa
4,Mandalore,,,Leia Organa
4,Mandalore,,,Leia Organa
4,Mandalore,,,Leia Organa
4,Mandalore,,,Leviathan
4,Mandalore,,,Leviathan
4,Mandalore,,,Leviathan
4,Mandalore,,,Leviathan
4,Mandalore,,,Admiral Trench
4,Mandalore,,,Admiral Trench
4,Mandalore,,,Admiral Trench
4,Mandalore,,,Cere Junda
4,Mandalore,,,Cere Junda
4,Mandalore,,,Cere Junda
4,Mandalore,,,Comeuppance
4,Mandalore,,,Comeuppance
4,Mandalore,,,Comeuppance
4,Mandalore,,,Commander Ahsoka Tano
4,Mandalore,,,Commander Ahsoka Tano
4,Mandalore,,,Commander Ahsoka Tano
4,Mandalore,,,Executor
4,Mandalore,,,Executor
4,Mandalore,,,Executor
4,Mandalore,,,Fury-class Interceptor
4,Mandalore,,,Fury-class Interceptor
4,Mandalore,,,Fury-class Interceptor
4,Mandalore,,,General Skywalker
4,Mandalore,,,General Skywalker
4,Mandalore,,,General Skywalker
4,Mandalore,,,Lord Vader
4,Mandalore,,,Lord Vader
4,Mandalore,,,Lord Vader
4,Mandalore,,,Sith Eternal Emperor
4,Mandalore,,,Sith Eternal Emperor
4,Mandalore,,,Sith Eternal Emperor
4,Mandalore,,,Starkiller
4,Mandalore,,,Starkiller
4,Mandalore,,,Starkiller
4,Mandalore,,,TIE Dagger
4,Mandalore,,,TIE Dagger
4,Mandalore,,,TIE Dagger
4,Mandalore,,,Taron Malicos
4,Mandalore,,,Taron Malicos
4,Mandalore,,,Taron Malicos
4,Mandalore,,,Wat Tambor
4,Mandalore,,,Wat Tambor
4,Mandalore,,,Wat Tambor
4,Mandalore,,,Ben Solo
4,Mandalore,,,Ben Solo
4,Mandalore,,,Captain Drogan
4,Mandalore,,,Captain Drogan
4,Mandalore,,,Captain Rex
4,Mandalore,,,Captain Rex
4,Mandalore,,,Darth Bane
4,Mandalore,,,Darth Bane
4,Mandalore,,,Jedi Knight Luke Skywalker
4,Mandalore,,,Jedi Knight Luke Skywalker
4,Mandalore,,,Kelleran Beq
4,Mandalore,,,Kelleran Beq
4,Mandalore,,,Ki-Adi-Mundi
4,Mandalore,,,Ki-Adi-Mundi
4,Mandalore,,,Mark VI Interceptor
4,Mandalore,,,Mark VI Interceptor
4,Mandalore,,,Merrin
4,Mandalore,,,Merrin
4,Mandalore,,,Princess Kneesaa
4,Mandalore,,,Princess Kneesaa
4,Mandalore,,,Rey
4,Mandalore,,,Rey
4,Mandalore,,,STAP
4,Mandalore,,,STAP
4,Mandalore,,,Tarfful
4,Mandalore,,,Tarfful
4,Mandalore,,,Tusken Warrior
4,Mandalore,,,Tusken Warrior
4,Mandalore,,,Boba Fett, Scion of Jango
4,Mandalore,,,Coruscant Underworld Police
4,Mandalore,,,Darth Malak
4,Mandalore,,,Darth Malgus
4,Mandalore,,,Jedi Master Kenobi
4,Mandalore,,,Profundity
4,Mandalore,,,Razor Crest
4,Mandalore,,,Scythe
4,Mandalore,,,Supreme Leader Kylo Ren
4,Mandalore,,,TIE/IN Interceptor Prototype
4,Mandalore,,,Tusken Chieftain
5,Anillo de Kafrene,Luminoso,1,Jedi Master Luke Skywalker
5,Anillo de Kafrene,Luminoso,1,Grand Master Yoda
5,Anillo de Kafrene,Luminoso,1,Caballero Jedi Luke Skywalker
5,Anillo de Kafrene,Luminoso,1,50R-T
5,Anillo de Kafrene,Luminoso,1,Zaalbar
5,Anillo de Kafrene,Luminoso,1,Jedi Master Luke Skywalker
5,Anillo de Kafrene,Luminoso,1,Commander Luke Skywalker
5,Anillo de Kafrene,Luminoso,1,Caballero Jedi Luke Skywalker
5,Anillo de Kafrene,Luminoso,1,Wedge Antilles X-Wing
5,Anillo de Kafrene,Luminoso,1,Boushh
5,Anillo de Kafrene,Luminoso,1,Jedi Master Kenobi
5,Anillo de Kafrene,Luminoso,1,Jedi Knight Revan
5,Anillo de Kafrene,Luminoso,1,General Skywalker
5,Anillo de Kafrene,Luminoso,1,Bastila Shan
5,Anillo de Kafrene,Luminoso,1,Eeth Koth
5,Anillo de Kafrene,Luminoso,2,Rey
5,Anillo de Kafrene,Luminoso,2,Padmé Amidala
5,Anillo de Kafrene,Luminoso,2,Caballero Jedi Luke Skywalker
5,Anillo de Kafrene,Luminoso,2,Grand Master Yoda
5,Anillo de Kafrene,Luminoso,2,Lobot
5,Anillo de Kafrene,Luminoso,2,Rey
5,Anillo de Kafrene,Luminoso,2,Grand Master Yoda
5,Anillo de Kafrene,Luminoso,2,General Skywalker
5,Anillo de Kafrene,Luminoso,2,Han's Millennium Falcon
5,Anillo de Kafrene,Luminoso,2,CT-7567 "Rex"
5,Anillo de Kafrene,Luminoso,2,Jedi Master Kenobi
5,Anillo de Kafrene,Luminoso,2,Grand Master Yoda
5,Anillo de Kafrene,Luminoso,2,Caballero Jedi Luke Skywalker
5,Anillo de Kafrene,Luminoso,2,Commander Luke Skywalker
5,Anillo de Kafrene,Luminoso,2,Eeth Koth
5,Anillo de Kafrene,Luminoso,3,Jedi Master Kenobi
5,Anillo de Kafrene,Luminoso,3,Jedi Knight Revan
5,Anillo de Kafrene,Luminoso,3,Caballero Jedi Luke Skywalker
5,Anillo de Kafrene,Luminoso,3,Clone Sergeant's ARC-170
5,Anillo de Kafrene,Luminoso,3,T3-M4
5,Anillo de Kafrene,Luminoso,3,Rey
5,Anillo de Kafrene,Luminoso,3,C-3PO
5,Anillo de Kafrene,Luminoso,3,General Skywalker
5,Anillo de Kafrene,Luminoso,3,The Armorer
5,Anillo de Kafrene,Luminoso,3,Tech
5,Anillo de Kafrene,Luminoso,3,Jedi Master Luke Skywalker
5,Anillo de Kafrene,Luminoso,3,R2-D2
5,Anillo de Kafrene,Luminoso,3,Caballero Jedi Luke Skywalker
5,Anillo de Kafrene,Luminoso,3,Wedge Antilles X-Wing
5,Anillo de Kafrene,Luminoso,3,Echo
5,Anillo de Kafrene,Luminoso,4,Profundity
5,Anillo de Kafrene,Luminoso,4,Caballero Jedi Luke Skywalker
5,Anillo de Kafrene,Luminoso,4,Barriss Offee
5,Anillo de Kafrene,Luminoso,4,Mon Mothma
5,Anillo de Kafrene,Luminoso,4,Baze Malbus
5,Anillo de Kafrene,Luminoso,4,Jedi Master Kenobi
5,Anillo de Kafrene,Luminoso,4,General Skywalker
5,Anillo de Kafrene,Luminoso,4,Negociador
5,Anillo de Kafrene,Luminoso,4,Chopper
5,Anillo de Kafrene,Luminoso,4,Chewbacca, guerra de los clones
5,Anillo de Kafrene,Luminoso,4,Rey
5,Anillo de Kafrene,Luminoso,4,General Skywalker
5,Anillo de Kafrene,Luminoso,4,Amilyn Holdo
5,Anillo de Kafrene,Luminoso,4,Resistance Trooper
5,Anillo de Kafrene,Luminoso,4,C-3PO
5,Anillo de Kafrene,Luminoso,5,Jedi Master Kenobi
5,Anillo de Kafrene,Luminoso,5,Caballero Jedi Luke Skywalker
5,Anillo de Kafrene,Luminoso,5,Veteran Smuggler Chewbacca
5,Anillo de Kafrene,Luminoso,5,Grand Master Yoda
5,Anillo de Kafrene,Luminoso,5,50R-T
5,Anillo de Kafrene,Luminoso,5,Profundity
5,Anillo de Kafrene,Luminoso,5,General Skywalker
5,Anillo de Kafrene,Luminoso,5,Baze Malbus
5,Anillo de Kafrene,Luminoso,5,R2-D2
5,Anillo de Kafrene,Luminoso,5,Bodhi Rook
5,Anillo de Kafrene,Luminoso,5,Jedi Master Luke Skywalker
5,Anillo de Kafrene,Luminoso,5,Caballero Jedi Luke Skywalker
5,Anillo de Kafrene,Luminoso,5,Hoth Rebel Soldier
5,Anillo de Kafrene,Luminoso,5,Jedi Knight Revan
5,Anillo de Kafrene,Luminoso,5,Chewbacca
5,Anillo de Kafrene,Luminoso,6,Jedi Master Luke Skywalker
5,Anillo de Kafrene,Luminoso,6,Caballero Jedi Luke Skywalker
5,Anillo de Kafrene,Luminoso,6,Omega
5,Anillo de Kafrene,Luminoso,6,Ima-Gun Di
5,Anillo de Kafrene,Luminoso,6,Chirrut Imwe
5,Anillo de Kafrene,Luminoso,6,Jedi Master Kenobi
5,Anillo de Kafrene,Luminoso,6,General Skywalker
5,Anillo de Kafrene,Luminoso,6,Lando Carlrissian
5,Anillo de Kafrene,Luminoso,6,Tech
5,Anillo de Kafrene,Luminoso,6,Ghost
5,Anillo de Kafrene,Luminoso,6,Jedi Master Luke Skywalker
5,Anillo de Kafrene,Luminoso,6,Caballero Jedi Luke Skywalker
5,Anillo de Kafrene,Luminoso,6,Umbaran Starfighter
5,Anillo de Kafrene,Luminoso,6,Rose Tico
5,Anillo de Kafrene,Luminoso,6,Commander Luke Skywalker